Feature,Importance
hemo,0.18341674221378323
pcv,0.15682587015380092
sc,0.11837625452530497
sg,0.11497241839935675
rbcc,0.10223773186411816
htn_no,0.054007307207364456
al,0.04629801209859094
bu,0.03324705891045097
htn_yes,0.032215364889051086
dm_no,0.030621880393613247
sod,0.022638785519846865
dm_yes,0.017859835158893774
bgr,0.013289081924411488
bp,0.011188757130731527
pc_abnormal,0.010313094681854105
pc_normal,0.007852971100347033
wbcc,0.007193019328346823
age,0.006383477622159993
pe_no,0.005387385493733411
appet_good,0.005221234125976617
su,0.004517065902337744
pot,0.004101574981093096
rbc_abnormal,0.002833053588016227
appet_poor,0.002555226866214279
rbc_normal,0.002049142852298209
pe_yes,0.0016513187668606027
ane_no,0.001103870383219249
ba_present,0.00069812273161409
ane_yes,0.0005213356192886878
pcc_present,0.00025895902228769443
pcc_notpresent,0.0001640465450337931
ba_notpresent,0.0
cad_no,0.0
cad_yes,0.0
